Title,Date_Watched,Is_Cinema,Details
Alien,02-01,False,"{'adult': False, 'backdrop_path': '/hdHIjZxq3SWFqpAz4NFhdbud0iz.jpg', 'genre_ids': [27, 878], 'id': 348, 'original_language': 'en', 'original_title': 'Alien', 'overview': 'During its return to the earth, commercial spaceship Nostromo intercepts a distress signal from a distant planet. When a three-member team of the crew discovers a chamber containing thousands of eggs on the planet, a creature inside one of the eggs attacks an explorer. The entire crew is unaware of the impending nightmare set to descend upon them when the alien parasite planted inside its unfortunate host is birthed.', 'popularity': 141.474, 'poster_path': '/vfrQk5IPloGg1v9Rzbh2Eg3VGyM.jpg', 'release_date': '1979-05-25', 'title': 'Alien', 'video': False, 'vote_average': 8.2, 'vote_count': 14703}"
The Thing,03-01,False,"{'adult': False, 'backdrop_path': '/oVa4o0C5Fa7G36qHY48n3KHGBDX.jpg', 'genre_ids': [27, 9648, 878], 'id': 1091, 'original_language': 'en', 'original_title': 'The Thing', 'overview': 'In the winter of 1982, a twelve-man research team at a remote Antarctic research station discovers an alien buried in the snow for over 100,000 years. Soon unfrozen, the form-changing creature wreaks havoc, creates terror... and becomes one of them.', 'popularity': 60.373, 'poster_path': '/tzGY49kseSE9QAKk47uuDGwnSCu.jpg', 'release_date': '1982-06-25', 'title': 'The Thing', 'video': False, 'vote_average': 8.1, 'vote_count': 6937}"
Aliens,04-01,False,"{'adult': False, 'backdrop_path': '/jMBpJFRtrtIXymer93XLavPwI3P.jpg', 'genre_ids': [28, 53, 878], 'id': 679, 'original_language': 'en', 'original_title': 'Aliens', 'overview': ""Ripley, the sole survivor of the Nostromo's deadly encounter with the monstrous Alien, returns to Earth after drifting through space in hypersleep for 57 years. Although her story is initially met with skepticism, she agrees to accompany a team of Colonial Marines back to LV-426."", 'popularity': 92.083, 'poster_path': '/r1x5JGpyqZU8PYhbs4UcrO1Xb6x.jpg', 'release_date': '1986-07-18', 'title': 'Aliens', 'video': False, 'vote_average': 7.9, 'vote_count': 9698}"
Normal People,04-01,False,"{'adult': False, 'backdrop_path': '/llT18ISW7yoyPtFM4gw5Mzg95Y5.jpg', 'genre_ids': [18], 'id': 134669, 'original_language': 'sr', 'original_title': 'Normalni ljudi', 'overview': 'The plot follows Steva, who is in love with an actress, Duja, who adores his motorcycle, and Bane, who plans to steal the motorcycle. Nikola desperately searches for a job, while Toma is in love with Mira, who is in an abusive relationship and occasionally thinks about Toma. The film highlights the despair and isolation of a generation in the post-war era.', 'popularity': 2.597, 'poster_path': '/9C5qFJ7vZ6stXGPfjDV0wDvU29H.jpg', 'release_date': '2001-02-22', 'title': 'Normal People', 'video': False, 'vote_average': 4.9, 'vote_count': 5}"
Alien 3,08-01,False,"{'adult': False, 'backdrop_path': None, 'genre_ids': [878], 'id': 1137173, 'original_language': 'en', 'original_title': 'Alien Danger 3! With Raven Van Slender', 'overview': ""An intergalactic crisis has brought our heroes together one more time to save the day! They'll have to face the worst cosmic villains yet while Eepa fights his hunger in the very first trilogy from James Balsamo."", 'popularity': 0.301, 'poster_path': '/qDdLfQJ4rR8zV5NLNVO6w2azp7n.jpg', 'release_date': '', 'title': 'Alien Danger 3! With Raven Van Slender', 'video': False, 'vote_average': 0.0, 'vote_count': 0}"
Alien Resurrection,09-01,False,"{'adult': False, 'backdrop_path': '/f0dFcDXdF6CGz1P1rDzOhwD9hs8.jpg', 'genre_ids': [878, 27, 28], 'id': 8078, 'original_language': 'en', 'original_title': 'Alien Resurrection', 'overview': 'Two hundred years after Lt. Ripley died, a group of scientists clone her, hoping to breed the ultimate weapon. But the new Ripley is full of surprises … as are the new aliens. Ripley must team with a band of smugglers to keep the creatures from reaching Earth.', 'popularity': 41.581, 'poster_path': '/9aRDMlU5Zwpysilm0WCWzU2PCFv.jpg', 'release_date': '1997-11-12', 'title': 'Alien Resurrection', 'video': False, 'vote_average': 6.2, 'vote_count': 4915}"
The Predator,11-01,False,"{'adult': False, 'backdrop_path': '/x0VXCWSTny5JRvpgDnw5ptwQyhA.jpg', 'genre_ids': [878, 28, 12], 'id': 346910, 'original_language': 'en', 'original_title': 'The Predator', 'overview': ""When a young boy accidentally triggers the universe's most lethal hunters' return to Earth, only a ragtag crew of ex-soldiers and a disgruntled scientist can prevent the end of the human race."", 'popularity': 130.649, 'poster_path': '/a3eWGF6YPF7No5Rbtjc8QpDvz7l.jpg', 'release_date': '2018-09-05', 'title': 'The Predator', 'video': False, 'vote_average': 5.633, 'vote_count': 4628}"
The Predator 2,12-01,False,"{'adult': False, 'backdrop_path': None, 'genre_ids': [27], 'id': 1137242, 'original_language': 'en', 'original_title': 'Apex Predators 2: The Spawning', 'overview': 'Mutated, flying Sharks wreak havoc along the beach during an annual Volleyball tournament.', 'popularity': 27.264, 'poster_path': '/rwzCMqPr2GdKkCyySvIynJ09ue7.jpg', 'release_date': '2024-11-12', 'title': 'Apex Predators 2: The Spawning', 'video': False, 'vote_average': 0.0, 'vote_count': 0}"
Alien Vs Predator,13-01,False,"{'adult': False, 'backdrop_path': '/xvq1RLaiwSdHwPHe7WUhqZa1rCA.jpg', 'genre_ids': [12, 878, 28, 27], 'id': 395, 'original_language': 'en', 'original_title': 'AVP: Alien vs. Predator', 'overview': 'When scientists discover something near Antarctica that appears to be a buried Pyramid, they send a research team out to investigate. Little do they know that they are about to step into a hunting ground where Aliens are grown as sport for the Predator race.', 'popularity': 36.701, 'poster_path': '/ySWu5bCnnmgV1cVacvFnFIhgOjp.jpg', 'release_date': '2004-08-12', 'title': 'AVP: Alien vs. Predator', 'video': False, 'vote_average': 5.9, 'vote_count': 4398}"
Alien Vs Predator 2,14-01,False,"{'adult': False, 'backdrop_path': '/y8yvIrmoM2PLuJcSto7OmOfsXQj.jpg', 'genre_ids': [14, 28, 878, 53, 27], 'id': 440, 'original_language': 'en', 'original_title': 'Aliens vs Predator: Requiem', 'overview': 'After a horrifying PredAlien crash-lands near a small Colorado town, killing everyone it encounters and producing countless Alien offspring, a lone Predator arrives to ""clean up"" the infestation.', 'popularity': 81.29, 'poster_path': '/jCyJN1vj8jqJJ0vNw4hDH2KlySO.jpg', 'release_date': '2007-12-25', 'title': 'Aliens vs Predator: Requiem', 'video': False, 'vote_average': 5.183, 'vote_count': 2892}"
Predators,15-01,False,"{'adult': False, 'backdrop_path': '/yVSgw4UyXWg0Edl7KMehdhhgIwL.jpg', 'genre_ids': [878, 28, 53], 'id': 34851, 'original_language': 'en', 'original_title': 'Predators', 'overview': 'A group of cold-blooded killers find themselves trapped on an alien planet to be hunted by extraterrestrial Predators.', 'popularity': 54.779, 'poster_path': '/54LZIRznS0Zjn7ZDXrsGVe3HXei.jpg', 'release_date': '2010-07-03', 'title': 'Predators', 'video': False, 'vote_average': 6.3, 'vote_count': 4087}"
Prometheus,16-01,False,"{'adult': False, 'backdrop_path': '/vMDdWQuvOjg9yUjMJrNunXq9cmw.jpg', 'genre_ids': [878, 12, 9648], 'id': 70981, 'original_language': 'en', 'original_title': 'Prometheus', 'overview': 'A team of explorers discover a clue to the origins of mankind on Earth, leading them on a journey to the darkest corners of the universe. There, they must fight a terrifying battle to save the future of the human race.', 'popularity': 70.866, 'poster_path': '/m7nZCtHJyDLncBUarfM5h5mrppx.jpg', 'release_date': '2012-05-30', 'title': 'Prometheus', 'video': False, 'vote_average': 6.6, 'vote_count': 12160}"
Alien Covenant,17-01,False,"{'adult': False, 'backdrop_path': '/2qluV8y79LnBBHaMpwewCjQ1Htk.jpg', 'genre_ids': [878, 27, 53], 'id': 126889, 'original_language': 'en', 'original_title': 'Alien: Covenant', 'overview': 'The crew of the colony ship Covenant, bound for a remote planet on the far side of the galaxy, discovers what they think is an uncharted paradise but is actually a dark, dangerous world.', 'popularity': 88.514, 'poster_path': '/zecMELPbU5YMQpC81Z8ImaaXuf9.jpg', 'release_date': '2017-05-09', 'title': 'Alien: Covenant', 'video': False, 'vote_average': 6.146, 'vote_count': 8589}"
The Predator,18-01,False,"{'adult': False, 'backdrop_path': '/x0VXCWSTny5JRvpgDnw5ptwQyhA.jpg', 'genre_ids': [878, 28, 12], 'id': 346910, 'original_language': 'en', 'original_title': 'The Predator', 'overview': ""When a young boy accidentally triggers the universe's most lethal hunters' return to Earth, only a ragtag crew of ex-soldiers and a disgruntled scientist can prevent the end of the human race."", 'popularity': 130.649, 'poster_path': '/a3eWGF6YPF7No5Rbtjc8QpDvz7l.jpg', 'release_date': '2018-09-05', 'title': 'The Predator', 'video': False, 'vote_average': 5.633, 'vote_count': 4628}"
Prey,18-01,False,"{'adult': False, 'backdrop_path': '/n3JeGELHa9V6k9mL81ItMxWLSS6.jpg', 'genre_ids': [28, 53, 27], 'id': 1129598, 'original_language': 'en', 'original_title': 'Prey', 'overview': 'A young couple is compelled to leave their Christian missionary station in the Kalahari Desert after being threatened with death by an extremist militant gang. After crashing their aircraft they must battle man and beast for their lives.', 'popularity': 314.851, 'poster_path': '/aOsPclgSiOqhndI2Xp2ksz2g9n6.jpg', 'release_date': '2024-03-15', 'title': 'Prey', 'video': False, 'vote_average': 6.3, 'vote_count': 267}"
Blackberry,19-01,False,"{'adult': False, 'backdrop_path': '/cUHxmWfkp6se0Rt10Kr86bMCYDE.jpg', 'genre_ids': [35], 'id': 1016084, 'original_language': 'en', 'original_title': 'BlackBerry', 'overview': ""Two mismatched entrepreneurs – egghead innovator Mike Lazaridis and cut-throat businessman Jim Balsillie – joined forces in an endeavour that was to become a worldwide hit in little more than a decade. The story of the meteoric rise and catastrophic demise of the world's first smartphone."", 'popularity': 25.402, 'poster_path': '/nQSvHZDuMlrZdm7ooMo8gb4CXhW.jpg', 'release_date': '2023-02-13', 'title': 'BlackBerry', 'video': False, 'vote_average': 7.2, 'vote_count': 558}"
Wakanda Forever,19-01,False,"{'adult': False, 'backdrop_path': '/1GU0jS5ZG5MhfdDrpj8s9XxbgJJ.jpg', 'genre_ids': [28, 12, 878], 'id': 505642, 'original_language': 'en', 'original_title': 'Black Panther: Wakanda Forever', 'overview': 'Queen Ramonda, Shuri, M’Baku, Okoye and the Dora Milaje fight to protect their nation from intervening world powers in the wake of King T’Challa’s death.  As the Wakandans strive to embrace their next chapter, the heroes must band together with the help of War Dog Nakia and Everett Ross and forge a new path for the kingdom of Wakanda.', 'popularity': 109.74, 'poster_path': '/sv1xJUazXeYqALzczSZ3O6nkH75.jpg', 'release_date': '2022-11-09', 'title': 'Black Panther: Wakanda Forever', 'video': False, 'vote_average': 7.099, 'vote_count': 6460}"
What If S2,22-01,False,
Loki S2,23-01,False,
Invisible S1 + S2P1 (25-01,,False,
Coach Prime S2,27-01,False,
Dune,28-01,False,"{'adult': False, 'backdrop_path': '/jYEW5xZkZk2WTrdbMGAPFuBqbDc.jpg', 'genre_ids': [878, 12], 'id': 438631, 'original_language': 'en', 'original_title': 'Dune', 'overview': ""Paul Atreides, a brilliant and gifted young man born into a great destiny beyond his understanding, must travel to the most dangerous planet in the universe to ensure the future of his family and his people. As malevolent forces explode into conflict over the planet's exclusive supply of the most precious resource in existence-a commodity capable of unlocking humanity's greatest potential-only those who can conquer their fear will survive."", 'popularity': 160.327, 'poster_path': '/d5NXSklXo0qyIYkgV94XAgMIckC.jpg', 'release_date': '2021-09-15', 'title': 'Dune', 'video': False, 'vote_average': 7.782, 'vote_count': 12630}"
Echo,30-01,False,"{'adult': False, 'backdrop_path': None, 'genre_ids': [], 'id': 1290367, 'original_language': 'en', 'original_title': 'Echo', 'overview': 'Two friends take a detour on their hike and find a beautiful view and an interesting echo.', 'popularity': 0.586, 'poster_path': None, 'release_date': '2024-06-05', 'title': 'Echo', 'video': False, 'vote_average': 0.0, 'vote_count': 0}"
The Meg,31-01,False,"{'adult': False, 'backdrop_path': '/6bAjogOzrB9xbmIaY3BRpZZgn5Q.jpg', 'genre_ids': [28, 878, 27], 'id': 345940, 'original_language': 'en', 'original_title': 'The Meg', 'overview': 'A deep sea submersible pilot revisits his past fears in the Mariana Trench, and accidentally unleashes the seventy foot ancestor of the Great White Shark believed to be extinct.', 'popularity': 124.358, 'poster_path': '/eyWICPcxOuTcDDDbTMOZawoOn8d.jpg', 'release_date': '2018-08-09', 'title': 'The Meg', 'video': False, 'vote_average': 6.253, 'vote_count': 7593}"
The Meg 2,01-02,False,"{'adult': False, 'backdrop_path': '/5mzr6JZbrqnqD8rCEvPhuCE5Fw2.jpg', 'genre_ids': [28, 878, 27], 'id': 615656, 'original_language': 'en', 'original_title': 'Meg 2: The Trench', 'overview': 'An exploratory dive into the deepest depths of the ocean of a daring research team spirals into chaos when a malevolent mining operation threatens their mission and forces them into a high-stakes battle for survival.', 'popularity': 131.387, 'poster_path': '/4m1Au3YkjqsxF8iwQy0fPYSxE0h.jpg', 'release_date': '2023-08-02', 'title': 'Meg 2: The Trench', 'video': False, 'vote_average': 6.5, 'vote_count': 3382}"
Percy Jackson And The Olympians,02-02,False,"{'adult': False, 'backdrop_path': '/1U1xK1qYUqiTEJfuizZJYWPFzfA.jpg', 'genre_ids': [99], 'id': 1224953, 'original_language': 'en', 'original_title': ""A Hero's Journey: The Making of Percy Jackson and the Olympians"", 'overview': 'Alongside a passionate cast and crew, follow Walker Scobell, Leah Sava Jeffries and Aryan Simhadri as they step into worlds fit for gods, battle unforgettable creatures, and perform legendary stunts.', 'popularity': 25.55, 'poster_path': '/mHbiXDWetNGTeWGJRXwSRJBDVqM.jpg', 'release_date': '2024-01-30', 'title': ""A Hero's Journey: The Making of Percy Jackson and the Olympians"", 'video': False, 'vote_average': 6.7, 'vote_count': 9}"
Rick And Morty Season 7,02-04,False,
Last Of Us,02-10,False,"{'adult': False, 'backdrop_path': '/lpZRUK5AuFW4Rw6bISIWOBJhS7P.jpg', 'genre_ids': [99], 'id': 1100287, 'original_language': 'en', 'original_title': 'Making of The Last of Us', 'overview': 'Featuring extensive interviews with the cast and crew, this all-access documentary gives a rare glimpse into the daunting behind-the-scenes efforts that went into the production of the HBO Original smash hit series The Last of Us.', 'popularity': 11.069, 'poster_path': '/nter1KTaQjmkGCjvSu5u01FoecP.jpg', 'release_date': '2023-03-12', 'title': 'Making of The Last of Us', 'video': False, 'vote_average': 6.8, 'vote_count': 20}"
The Marvels,02-12,False,"{'adult': False, 'backdrop_path': '/criPrxkTggCra1jch49jsiSeXo1.jpg', 'genre_ids': [878, 12, 28], 'id': 609681, 'original_language': 'en', 'original_title': 'The Marvels', 'overview': 'Carol Danvers, aka Captain Marvel, has reclaimed her identity from the tyrannical Kree and taken revenge on the Supreme Intelligence. But unintended consequences see Carol shouldering the burden of a destabilized universe. When her duties send her to an anomalous wormhole linked to a Kree revolutionary, her powers become entangled with that of Jersey City super-fan Kamala Khan, aka Ms. Marvel, and Carol’s estranged niece, now S.A.B.E.R. astronaut Captain Monica Rambeau. Together, this unlikely trio must team up and learn to work in concert to save the universe.', 'popularity': 173.114, 'poster_path': '/9GBhzXMFjgcZ3FdR9w3bUMMTps5.jpg', 'release_date': '2023-11-08', 'title': 'The Marvels', 'video': False, 'vote_average': 6.076, 'vote_count': 2668}"
Reacher S2,02-15,False,
Merci Internet,02-17,False,
One Piece,02-28,False,"{'adult': False, 'backdrop_path': '/s974GBBFZ1I4SlZHFu2XIffk1dv.jpg', 'genre_ids': [16, 12, 28, 14, 10402], 'id': 900667, 'original_language': 'ja', 'original_title': 'ONE PIECE FILM RED', 'overview': 'Uta — the most beloved singer in the world. Her voice, which she sings with while concealing her true identity, has been described as “otherworldly.” She will appear in public for the first time at a live concert. As the venue fills with all kinds of Uta fans — excited pirates, the Navy watching closely, and the Straw Hats led by Luffy who simply came to enjoy her sonorous performance — the voice that the whole world has been waiting for is about to resound.', 'popularity': 113.744, 'poster_path': '/ogDXuVkO92GcETZfSofXXemw7gb.jpg', 'release_date': '2022-08-06', 'title': 'One Piece Film Red', 'video': False, 'vote_average': 7.2, 'vote_count': 998}"
Dune Part 2,03-03,True,"{'adult': False, 'backdrop_path': '/xOMo8BRK7PfcJv9JCnx7s5hj0PX.jpg', 'genre_ids': [878, 12], 'id': 693134, 'original_language': 'en', 'original_title': 'Dune: Part Two', 'overview': 'Follow the mythic journey of Paul Atreides as he unites with Chani and the Fremen while on a path of revenge against the conspirators who destroyed his family. Facing a choice between the love of his life and the fate of the known universe, Paul endeavors to prevent a terrible future only he can foresee.', 'popularity': 195.494, 'poster_path': '/1pdfLvkbY9ohJlCjQH2CZjjYVvJ.jpg', 'release_date': '2024-02-27', 'title': 'Dune: Part Two', 'video': False, 'vote_average': 8.151, 'vote_count': 5541}"
Jaws,03-04,False,"{'adult': False, 'backdrop_path': '/Ugn7ekAwY8FtaBjRBlbkt0zom2.jpg', 'genre_ids': [27, 53, 12], 'id': 578, 'original_language': 'en', 'original_title': 'Jaws', 'overview': ""When the seaside community of Amity finds itself under attack by a dangerous great white shark, the town's chief of police, a young marine biologist, and a grizzled hunter embark on a desperate quest to destroy the beast before it strikes again."", 'popularity': 52.381, 'poster_path': '/lxM6kqilAdpdhqUl2biYp5frUxE.jpg', 'release_date': '1975-06-20', 'title': 'Jaws', 'video': False, 'vote_average': 7.7, 'vote_count': 10395}"
The Beekeeper,03-06,False,"{'adult': False, 'backdrop_path': '/4MCKNAc6AbWjEsM2h9Xc29owo4z.jpg', 'genre_ids': [80, 28, 53], 'id': 866398, 'original_language': 'en', 'original_title': 'The Beekeeper', 'overview': ""One man's campaign for vengeance takes on national stakes after he is revealed to be a former operative of a powerful and clandestine organization known as Beekeepers."", 'popularity': 134.111, 'poster_path': '/A7EByudX0eOzlkQ2FIbogzyazm2.jpg', 'release_date': '2024-01-08', 'title': 'The Beekeeper', 'video': False, 'vote_average': 7.4, 'vote_count': 3046}"
Anatomy Of A Fall,03-07,False,"{'adult': False, 'backdrop_path': '/kszooR7v1TLFM4pzx6IkKq2jDAN.jpg', 'genre_ids': [53, 9648, 80], 'id': 915935, 'original_language': 'fr', 'original_title': ""Anatomie d'une chute"", 'overview': ""A woman is suspected of her husband's murder, and their blind son faces a moral dilemma as the sole witness."", 'popularity': 63.981, 'poster_path': '/kQs6keheMwCxJxrzV83VUwFtHkB.jpg', 'release_date': '2023-08-23', 'title': 'Anatomy of a Fall', 'video': False, 'vote_average': 7.572, 'vote_count': 2421}"
Poor Things,03-08,False,"{'adult': False, 'backdrop_path': '/5uIttXZuJ1g3eXJ6yc3Obrd3G3a.jpg', 'genre_ids': [878, 10749, 35], 'id': 792307, 'original_language': 'en', 'original_title': 'Poor Things', 'overview': 'Brought back to life by an unorthodox scientist, a young woman runs off with a lawyer on a whirlwind adventure across the continents. Free from the prejudices of her times, she grows steadfast in her purpose to stand for equality and liberation.', 'popularity': 109.136, 'poster_path': '/kCGlIMHnOm8JPXq3rXM6c5wMxcT.jpg', 'release_date': '2023-12-07', 'title': 'Poor Things', 'video': False, 'vote_average': 7.737, 'vote_count': 4119}"
Killers Of The Flower Moon,03-09,False,"{'adult': False, 'backdrop_path': '/acvE3RWjDLgvbL2RtcyzkrsAyNV.jpg', 'genre_ids': [80, 36, 18], 'id': 466420, 'original_language': 'en', 'original_title': 'Killers of the Flower Moon', 'overview': 'When oil is discovered in 1920s Oklahoma under Osage Nation land, the Osage people are murdered one by one—until the FBI steps in to unravel the mystery.', 'popularity': 91.402, 'poster_path': '/dB6Krk806zeqd0YNp2ngQ9zXteH.jpg', 'release_date': '2023-10-18', 'title': 'Killers of the Flower Moon', 'video': False, 'vote_average': 7.455, 'vote_count': 3252}"
American Fiction,03-10,False,"{'adult': False, 'backdrop_path': '/3mpgltEMgPf8zFtPnAWdDVN8ZT1.jpg', 'genre_ids': [35, 18], 'id': 1056360, 'original_language': 'en', 'original_title': 'American Fiction', 'overview': 'A novelist fed up with the establishment profiting from ""Black"" entertainment uses a pen name to write a book that propels him into the heart of hypocrisy and the madness he claims to disdain.', 'popularity': 31.4, 'poster_path': '/57MFWGHarg9jid7yfDTka4RmcMU.jpg', 'release_date': '2023-11-10', 'title': 'American Fiction', 'video': False, 'vote_average': 7.346, 'vote_count': 963}"
The Batman 2001-2004,03-10,False,
Mr And Mrs Smith,03-11,False,"{'adult': False, 'backdrop_path': '/iFaWUETEE2umP1WY0LUAmjSpzm7.jpg', 'genre_ids': [28, 35, 18, 53], 'id': 787, 'original_language': 'en', 'original_title': 'Mr. & Mrs. Smith', 'overview': ""After five (or six) years of vanilla-wedded bliss, ordinary suburbanites John and Jane Smith are stuck in a huge rut. Unbeknownst to each other, they are both coolly lethal, highly-paid assassins working for rival organisations. When they discover they're each other's next target, their secret lives collide in a spicy, explosive mix of wicked comedy, pent-up passion, nonstop action and high-tech weaponry."", 'popularity': 53.807, 'poster_path': '/wzIO3ytxeSNt1wRpXLIdkNbGoDm.jpg', 'release_date': '2005-06-07', 'title': 'Mr. & Mrs. Smith', 'video': False, 'vote_average': 6.687, 'vote_count': 10310}"
Avatar Netflix S1,03-13,False,
Past Lives,03-14,False,"{'adult': False, 'backdrop_path': '/7HR38hMBl23lf38MAN63y4pKsHz.jpg', 'genre_ids': [18, 10749], 'id': 666277, 'original_language': 'en', 'original_title': 'Past Lives', 'overview': 'Nora and Hae Sung, two childhood friends, are reunited in New York for one fateful week as they confront notions of destiny, love, and the choices that make a life.', 'popularity': 62.783, 'poster_path': '/rzO71VFu7CpJMfF5TQNMj0d1lSV.jpg', 'release_date': '2023-06-02', 'title': 'Past Lives', 'video': False, 'vote_average': 7.756, 'vote_count': 1627}"
Wonka,03-16,False,"{'adult': False, 'backdrop_path': '/yOm993lsJyPmBodlYjgpPwBjXP9.jpg', 'genre_ids': [35, 10751, 14], 'id': 787699, 'original_language': 'en', 'original_title': 'Wonka', 'overview': 'Willy Wonka – chock-full of ideas and determined to change the world one delectable bite at a time – is proof that the best things in life begin with a dream, and if you’re lucky enough to meet Willy Wonka, anything is possible.', 'popularity': 172.771, 'poster_path': '/qhb1qOilapbapxWQn9jtRCMwXJF.jpg', 'release_date': '2023-12-06', 'title': 'Wonka', 'video': False, 'vote_average': 7.118, 'vote_count': 3468}"
Avatar The Last Airbender,03-22,False,"{'adult': False, 'backdrop_path': None, 'genre_ids': [], 'id': 1127274, 'original_language': 'en', 'original_title': 'Untitled Avatar: The Last Airbender Film 2', 'overview': 'This is the second upcoming Avatar: The Last Airbender film', 'popularity': 0.141, 'poster_path': None, 'release_date': '', 'title': 'Untitled Avatar: The Last Airbender Film 2', 'video': False, 'vote_average': 0.0, 'vote_count': 0}"
Society Of The Snow,03-23,False,"{'adult': False, 'backdrop_path': '/md848EEPm3dHZOqwGxxTVwH2vu5.jpg', 'genre_ids': [18, 36], 'id': 906126, 'original_language': 'es', 'original_title': 'La sociedad de la nieve', 'overview': 'On October 13, 1972, Uruguayan Air Force Flight 571, chartered to take a rugby team to Chile, crashes into a glacier in the heart of the Andes.', 'popularity': 84.722, 'poster_path': '/2e853FDVSIso600RqAMunPxiZjq.jpg', 'release_date': '2023-12-15', 'title': 'Society of the Snow', 'video': False, 'vote_average': 8.026, 'vote_count': 2875}"
Aquaman And The Lost Kingdom,03-25,False,"{'adult': False, 'backdrop_path': '/cnqwv5Uz3UW5f086IWbQKr3ksJr.jpg', 'genre_ids': [28, 12, 14], 'id': 572802, 'original_language': 'en', 'original_title': 'Aquaman and the Lost Kingdom', 'overview': ""Black Manta seeks revenge on Aquaman for his father's death. Wielding the Black Trident's power, he becomes a formidable foe. To defend Atlantis, Arthur (Aquaman) forges an alliance with his imprisoned brother. They must protect the kingdom."", 'popularity': 135.352, 'poster_path': '/7lTnXOy0iNtBAdRP3TZvaKJ77F6.jpg', 'release_date': '2023-12-20', 'title': 'Aquaman and the Lost Kingdom', 'video': False, 'vote_average': 6.679, 'vote_count': 2787}"
Scavengers Reign,03-28,False,
Murder At The End Of The World,04-01,False,
Road House,04-03,False,"{'adult': False, 'backdrop_path': '/oe7mWkvYhK4PLRNAVSvonzyUXNy.jpg', 'genre_ids': [28, 53], 'id': 359410, 'original_language': 'en', 'original_title': 'Road House', 'overview': 'Ex-UFC fighter Dalton takes a job as a bouncer at a Florida Keys roadhouse, only to discover that this paradise is not all it seems.', 'popularity': 184.926, 'poster_path': '/lwPsIgh98Wnpvkr3svkZwlhDrfm.jpg', 'release_date': '2024-03-08', 'title': 'Road House', 'video': False, 'vote_average': 6.979, 'vote_count': 2262}"
Argylle,04-04,False,"{'adult': False, 'backdrop_path': '/xvk5AhfhgQcTuaCQyq3XqAnhEma.jpg', 'genre_ids': [28, 12, 35], 'id': 848538, 'original_language': 'en', 'original_title': 'Argylle', 'overview': ""When the plots of reclusive author Elly Conway's fictional espionage novels begin to mirror the covert actions of a real-life spy organization, quiet evenings at home become a thing of the past. Accompanied by her cat Alfie and Aiden, a cat-allergic spy, Elly races across the world to stay one step ahead of the killers as the line between Conway's fictional world and her real one begins to blur."", 'popularity': 72.43, 'poster_path': '/siduVKgOnABO4WH4lOwPQwaGwJp.jpg', 'release_date': '2024-01-31', 'title': 'Argylle', 'video': False, 'vote_average': 6.102, 'vote_count': 1294}"
Land Of Bad,04-06,False,"{'adult': False, 'backdrop_path': '/oBIQDKcqNxKckjugtmzpIIOgoc4.jpg', 'genre_ids': [28, 10752, 53], 'id': 969492, 'original_language': 'en', 'original_title': 'Land of Bad', 'overview': 'When a Delta Force special ops mission goes terribly wrong, Air Force drone pilot Reaper has 48 hours to remedy what has devolved into a wild rescue operation. With no weapons and no communication other than the drone above, the ground mission suddenly becomes a full-scale battle when the team is discovered by the enemy.', 'popularity': 108.985, 'poster_path': '/h3jYanWMEJq6JJsCopy1h7cT2Hs.jpg', 'release_date': '2024-02-09', 'title': 'Land of Bad', 'video': False, 'vote_average': 7.3, 'vote_count': 1116}"
Monkey Man,04-07,True,"{'adult': False, 'backdrop_path': '/qwhnq8pkFEAFXRwmscISOKK90Mu.jpg', 'genre_ids': [28, 53], 'id': 560016, 'original_language': 'en', 'original_title': 'Monkey Man', 'overview': 'Kid is an anonymous young man who ekes out a meager living in an underground fight club where, night after night, wearing a gorilla mask, he is beaten bloody by more popular fighters for cash. After years of suppressed rage, Kid discovers a way to infiltrate the enclave of the city’s sinister elite. As his childhood trauma boils over, his mysteriously scarred hands unleash an explosive campaign of retribution to settle the score with the men who took everything from him.', 'popularity': 115.811, 'poster_path': '/4lhR4L2vzzjl68P1zJyCH755Oz4.jpg', 'release_date': '2024-04-03', 'title': 'Monkey Man', 'video': False, 'vote_average': 6.951, 'vote_count': 902}"
Godzilla X Kong: The New Empire,04-09,True,"{'adult': False, 'backdrop_path': '/veIyxxi5Gs8gvztLEW1Ysb8rrzs.jpg', 'genre_ids': [28, 12, 878], 'id': 823464, 'original_language': 'en', 'original_title': 'Godzilla x Kong: The New Empire', 'overview': 'Following their explosive showdown, Godzilla and Kong must reunite against a colossal undiscovered threat hidden within our world, challenging their very existence – and our own.', 'popularity': 269.288, 'poster_path': '/z1p34vh7dEOnLDmyCrlUVLuoDzd.jpg', 'release_date': '2024-03-27', 'title': 'Godzilla x Kong: The New Empire', 'video': False, 'vote_average': 7.153, 'vote_count': 3771}"
Maestro,04-14,False,"{'adult': False, 'backdrop_path': '/et0G74BxoBgNQEZBkUcVhsgeRFF.jpg', 'genre_ids': [18, 10749, 10402], 'id': 523607, 'original_language': 'en', 'original_title': 'Maestro', 'overview': 'A towering and fearless love story chronicling the lifelong relationship between Leonard Bernstein and Felicia Montealegre Cohn Bernstein. A love letter to life and art, Maestro at its core is an emotionally epic portrayal of family and love.', 'popularity': 19.61, 'poster_path': '/kxj7rMco6RNYsVcNwuGAIlfWu64.jpg', 'release_date': '2023-11-22', 'title': 'Maestro', 'video': False, 'vote_average': 6.4, 'vote_count': 697}"
Kingdom Of The Planet Of The Apes,cinema,True,"{'adult': False, 'backdrop_path': '/iHYh4cdO8ylA3W0dUxTDVdyJ5G9.jpg', 'genre_ids': [878, 12, 28], 'id': 653346, 'original_language': 'en', 'original_title': 'Kingdom of the Planet of the Apes', 'overview': ""Several generations following Caesar's reign, apes – now the dominant species – live harmoniously while humans have been reduced to living in the shadows. As a new tyrannical ape leader builds his empire, one young ape undertakes a harrowing journey that will cause him to question all he's known about the past and to make choices that will define a future for apes and humans alike."", 'popularity': 398.563, 'poster_path': '/gKkl37BQuKTanygYQG1pyYgLVgf.jpg', 'release_date': '2024-05-08', 'title': 'Kingdom of the Planet of the Apes', 'video': False, 'vote_average': 7.111, 'vote_count': 3154}"
Rise Of The Planet Of The Apes,05-18,False,"{'adult': False, 'backdrop_path': '/dENLz9Np9EV5Ro8UIBhbKC8BmSS.jpg', 'genre_ids': [53, 28, 18, 878], 'id': 61791, 'original_language': 'en', 'original_title': 'Rise of the Planet of the Apes', 'overview': 'A highly intelligent chimpanzee named Caesar has been living a peaceful suburban life ever since he was born. But when he gets taken to a cruel primate facility, Caesar decides to revolt against those who have harmed him.', 'popularity': 58.17, 'poster_path': '/cjLsuP75UDlRdJVMXzXg3TJ4umX.jpg', 'release_date': '2011-08-03', 'title': 'Rise of the Planet of the Apes', 'video': False, 'vote_average': 7.327, 'vote_count': 11821}"
Dawn Of The Planet Of The Apes,05-18,False,"{'adult': False, 'backdrop_path': '/zlU8BIkgY7E6SMfD3USTWC6bchL.jpg', 'genre_ids': [878, 28, 18, 53], 'id': 119450, 'original_language': 'en', 'original_title': 'Dawn of the Planet of the Apes', 'overview': 'A group of scientists in San Francisco struggle to stay alive in the aftermath of a plague that is wiping out humanity, while Caesar tries to maintain dominance over his community of intelligent apes.', 'popularity': 93.35, 'poster_path': '/kScdQEwS9jPEdnO23XjGAtaoRcT.jpg', 'release_date': '2014-07-08', 'title': 'Dawn of the Planet of the Apes', 'video': False, 'vote_average': 7.3, 'vote_count': 11339}"
War For The Planet Of The Apes,05-19,False,"{'adult': False, 'backdrop_path': '/8o1d49tMTj2uFPI9c4A2jmBhNkr.jpg', 'genre_ids': [18, 878, 10752], 'id': 281338, 'original_language': 'en', 'original_title': 'War for the Planet of the Apes', 'overview': 'Caesar and his apes are forced into a deadly conflict with an army of humans led by a ruthless Colonel. After the apes suffer unimaginable losses, Caesar wrestles with his darker instincts and begins his own mythic quest to avenge his kind. As the journey finally brings them face to face, Caesar and the Colonel are pitted against each other in an epic battle that will determine the fate of both their species and the future of the planet.', 'popularity': 87.664, 'poster_path': '/mMA1qhBFgZX8O36qPPTC016kQl1.jpg', 'release_date': '2017-07-11', 'title': 'War for the Planet of the Apes', 'video': False, 'vote_average': 7.207, 'vote_count': 8942}"
The Fall Guy,05-23,False,"{'adult': False, 'backdrop_path': '/H5HjE7Xb9N09rbWn1zBfxgI8uz.jpg', 'genre_ids': [28, 35, 10749], 'id': 746036, 'original_language': 'en', 'original_title': 'The Fall Guy', 'overview': 'Fresh off an almost career-ending accident, stuntman Colt Seavers has to track down a missing movie star, solve a conspiracy and try to win back the love of his life while still doing his day job.', 'popularity': 147.905, 'poster_path': '/tSz1qsmSJon0rqjHBxXZmrotuse.jpg', 'release_date': '2024-04-24', 'title': 'The Fall Guy', 'video': False, 'vote_average': 7.2, 'vote_count': 2260}"
Xmen 97,05-24,False,"{'adult': False, 'backdrop_path': '/mwFqfpyxkpFlQQ5ftwtfu2Tl5dn.jpg', 'genre_ids': [99], 'id': 1275606, 'original_language': 'en', 'original_title': ""Marvel Studios Assembled: The Making of X-Men '97"", 'overview': 'Spend time with the original cast, along with new voices, as this behind-the-scenes special recalls the birth of ""X-Men: The Animated Series,"" and its revival thirty years later as ""X-Men \'97.""', 'popularity': 15.951, 'poster_path': '/6YIhiAzNB9PPgIPA04tD1xaSBMw.jpg', 'release_date': '2024-05-21', 'title': ""Marvel Studios Assembled: The Making of X-Men '97"", 'video': False, 'vote_average': 5.8, 'vote_count': 7}"
Mad Max Fury Road,05-26,False,"{'adult': False, 'backdrop_path': '/gqrnQA6Xppdl8vIb2eJc58VC1tW.jpg', 'genre_ids': [28, 12, 878], 'id': 76341, 'original_language': 'en', 'original_title': 'Mad Max: Fury Road', 'overview': 'An apocalyptic story set in the furthest reaches of our planet, in a stark desert landscape where humanity is broken, and most everyone is crazed fighting for the necessities of life. Within this world exist two rebels on the run who just might be able to restore order.', 'popularity': 171.314, 'poster_path': '/hA2ple9q4qnwxp3hKVNhroipsir.jpg', 'release_date': '2015-05-13', 'title': 'Mad Max: Fury Road', 'video': False, 'vote_average': 7.616, 'vote_count': 22520}"
Furiosa,cinema,True,"{'adult': False, 'backdrop_path': '/wNAhuOZ3Zf84jCIlrcI6JhgmY5q.jpg', 'genre_ids': [28, 878, 12], 'id': 786892, 'original_language': 'en', 'original_title': 'Furiosa: A Mad Max Saga', 'overview': 'As the world fell, young Furiosa is snatched from the Green Place of Many Mothers and falls into the hands of a great Biker Horde led by the Warlord Dementus. Sweeping through the Wasteland they come across the Citadel presided over by The Immortan Joe. While the two Tyrants war for dominance, Furiosa must survive many trials as she puts together the means to find her way home.', 'popularity': 262.843, 'poster_path': '/iADOJ8Zymht2JPMoy3R7xceZprc.jpg', 'release_date': '2024-05-22', 'title': 'Furiosa: A Mad Max Saga', 'video': False, 'vote_average': 7.5, 'vote_count': 3390}"
Civil War,06-01,False,"{'adult': False, 'backdrop_path': '/en3GU5uGkKaYmSyetHV4csHHiH3.jpg', 'genre_ids': [10752, 28, 18], 'id': 929590, 'original_language': 'en', 'original_title': 'Civil War', 'overview': 'In the near future, a group of war journalists attempt to survive while reporting the truth as the United States stands on the brink of civil war.', 'popularity': 236.838, 'poster_path': '/sh7Rg8Er3tFcN9BpKIPOMvALgZd.jpg', 'release_date': '2024-04-10', 'title': 'Civil War', 'video': False, 'vote_average': 6.909, 'vote_count': 2720}"
The Ministry Of Ungentlemanly Warfare,06-05,False,"{'adult': False, 'backdrop_path': '/s5znBQmprDJJ553IMQfwEVlfroH.jpg', 'genre_ids': [28, 35, 10752], 'id': 799583, 'original_language': 'en', 'original_title': 'The Ministry of Ungentlemanly Warfare', 'overview': 'During World War II, the British Army assigns a group of competent soldiers to carry out a mission against the Nazi forces behind enemy lines... A true story about a secret British WWII organization – the Special Operations Executive. Founded by Winston Churchill, their irregular warfare against the Germans helped to change the course of the war, and gave birth to modern black operations.', 'popularity': 163.094, 'poster_path': '/8aF0iAKH9MJMYAZdi0Slg77RYa2.jpg', 'release_date': '2024-04-18', 'title': 'The Ministry of Ungentlemanly Warfare', 'video': False, 'vote_average': 7.128, 'vote_count': 1141}"
Invincible S2 P2,06-06,False,
Kung Fu Panda 4,06-06,False,"{'adult': False, 'backdrop_path': '/4z88bpDf7aqZcYkLDDEIdj8TfZU.jpg', 'genre_ids': [16, 10751, 14, 28], 'id': 1011985, 'original_language': 'en', 'original_title': 'Kung Fu Panda 4', 'overview': 'Po is gearing up to become the spiritual leader of his Valley of Peace, but also needs someone to take his place as Dragon Warrior. As such, he will train a new kung fu practitioner for the spot and will encounter a villain called the Chameleon who conjures villains from the past.', 'popularity': 365.416, 'poster_path': '/kDp1vUBnMpe8ak4rjgl3cLELqjU.jpg', 'release_date': '2024-03-02', 'title': 'Kung Fu Panda 4', 'video': False, 'vote_average': 7.1, 'vote_count': 2683}"
Challengers,06-08,False,"{'adult': False, 'backdrop_path': '/4CcUgdiGe83MeqJW1NyJVmZqRrF.jpg', 'genre_ids': [10749, 18], 'id': 937287, 'original_language': 'en', 'original_title': 'Challengers', 'overview': 'Tennis player turned coach Tashi has taken her husband, Art, and transformed him into a world-famous Grand Slam champion. To jolt him out of his recent losing streak, she signs him up for a ""Challenger"" event — close to the lowest level of pro tournament — where he finds himself standing across the net from his former best friend and Tashi\'s former boyfriend.', 'popularity': 74.237, 'poster_path': '/H6vke7zGiuLsz4v4RPeReb9rsv.jpg', 'release_date': '2024-04-18', 'title': 'Challengers', 'video': False, 'vote_average': 7.055, 'vote_count': 1587}"
Ghostbusters: Frozen Empire,06-09,False,"{'adult': False, 'backdrop_path': '/5cCfqeUH2f5Gnu7Lh9xepY9TB6x.jpg', 'genre_ids': [14, 12, 35], 'id': 967847, 'original_language': 'en', 'original_title': 'Ghostbusters: Frozen Empire', 'overview': 'When the discovery of an ancient artifact unleashes an evil force, Ghostbusters new and old must join forces to protect their home and save the world from a second Ice Age.', 'popularity': 88.629, 'poster_path': '/e1J2oNzSBdou01sUvriVuoYp0pJ.jpg', 'release_date': '2024-03-20', 'title': 'Ghostbusters: Frozen Empire', 'video': False, 'vote_average': 6.577, 'vote_count': 1520}"
The Hunger Games: The Ballad Of Songbirds & Snakes,06-09,False,"{'adult': False, 'backdrop_path': '/8GnWDLn2AhnmkQ7hlQ9NJUYobSS.jpg', 'genre_ids': [18, 878, 28], 'id': 695721, 'original_language': 'en', 'original_title': 'The Hunger Games: The Ballad of Songbirds & Snakes', 'overview': '64 years before he becomes the tyrannical president of Panem, Coriolanus Snow sees a chance for a change in fortunes when he mentors Lucy Gray Baird, the female tribute from District 12.', 'popularity': 96.996, 'poster_path': '/mBaXZ95R2OxueZhvQbcEWy2DqyO.jpg', 'release_date': '2023-11-15', 'title': 'The Hunger Games: The Ballad of Songbirds & Snakes', 'video': False, 'vote_average': 7.1, 'vote_count': 2688}"
Bad Batch S3,06-12,False,
True Detective,07-01,False,"{'adult': False, 'backdrop_path': '/nETYEo2jm7TwjqH3PmyblEk91AH.jpg', 'genre_ids': [18, 9648, 27], 'id': 1095131, 'original_language': 'en', 'original_title': 'TRUE DARKNESS: DETECTIVES', 'overview': 'Jake gets himself arrested to deliver a message to a cynical cop, but will he believe Jake when he finds out who it’s from?', 'popularity': 3.947, 'poster_path': '/gwil8pX7DV2ttfspqfdfjfPVSO.jpg', 'release_date': '2022-02-22', 'title': 'TRUE DARKNESS: DETECTIVES', 'video': False, 'vote_average': 0.0, 'vote_count': 0}"
The Bear Season 3,07-11,False,
Star Wars: The Acolyte,07-24,False,
Welcome To Wrexham S3,07-26,False,
Le Prã©Nom,07-25,False,
Hit Man,07-27,False,"{'adult': False, 'backdrop_path': '/nv6F6tz7r61DUhE7zgHwLJFcTYp.jpg', 'genre_ids': [35, 10749, 80], 'id': 974635, 'original_language': 'en', 'original_title': 'Hit Man', 'overview': 'A mild-mannered professor moonlighting as a fake hit man in police stings ignites a chain reaction of trouble when he falls for a potential client.', 'popularity': 74.76, 'poster_path': '/oil3EZwKFp3CWxZnfGfGglesvm9.jpg', 'release_date': '2024-05-16', 'title': 'Hit Man', 'video': False, 'vote_average': 6.876, 'vote_count': 951}"
Les Visiteurs,07-28,False,"{'adult': False, 'backdrop_path': '/iZqjd5TmRclqYFmzeHaGE78PNr8.jpg', 'genre_ids': [14, 35], 'id': 11687, 'original_language': 'fr', 'original_title': 'Les Visiteurs', 'overview': ""After a wizard's spell goes awry, 12th-century Gallic knight Godefroy de Papincourt, Count of Montmirail finds himself transported to 1993, along with his dimwitted servant, Jacquouille la Fripouille. Startled and perplexed by modern technology, the duo run amok, destroying cars and causing chaos until they meet Beatrice de Montmirail, an aristocratic descendant of the nobleman, who may be able to help them get back to 1123."", 'popularity': 12.522, 'poster_path': '/iBsuPhz0pwWgtOhe4ysqFjwNk3t.jpg', 'release_date': '1993-01-27', 'title': 'The Visitors', 'video': False, 'vote_average': 7.128, 'vote_count': 1888}"
The Iron Claw,07-29,False,"{'adult': False, 'backdrop_path': '/strywnUV9D6675llulJRKepCh24.jpg', 'genre_ids': [36, 18], 'id': 850165, 'original_language': 'en', 'original_title': 'The Iron Claw', 'overview': 'The true story of the inseparable Von Erich brothers, who made history in the intensely competitive world of professional wrestling in the early 1980s. Through tragedy and triumph, under the shadow of their domineering father and coach, the brothers seek larger-than-life immortality on the biggest stage in sports.', 'popularity': 34.308, 'poster_path': '/s2VLjcykJfwplJNGT5iEeCA0mRx.jpg', 'release_date': '2023-12-21', 'title': 'The Iron Claw', 'video': False, 'vote_average': 7.5, 'vote_count': 835}"
Deadpool X Wolverine,07-30,True,
If,07-31,False,"{'adult': False, 'backdrop_path': '/nxxCPRGTzxUH8SFMrIsvMmdxHti.jpg', 'genre_ids': [35, 14, 10751], 'id': 639720, 'original_language': 'en', 'original_title': 'IF', 'overview': ""After discovering she can see everyone's imaginary friends, a girl embarks on a magical adventure to reconnect forgotten imaginary friends with their kids."", 'popularity': 369.797, 'poster_path': '/xbKFv4KF3sVYuWKllLlwWDmuZP7.jpg', 'release_date': '2024-05-08', 'title': 'IF', 'video': False, 'vote_average': 7.3, 'vote_count': 982}"
A Quiet Place,07-31,False,"{'adult': False, 'backdrop_path': '/roYyPiQDQKmIKUEhO912693tSja.jpg', 'genre_ids': [27, 18, 878], 'id': 447332, 'original_language': 'en', 'original_title': 'A Quiet Place', 'overview': 'A family is forced to live in silence while hiding from creatures that hunt by sound.', 'popularity': 148.837, 'poster_path': '/nAU74GmpUk7t5iklEp3bufwDq4n.jpg', 'release_date': '2018-04-03', 'title': 'A Quiet Place', 'video': False, 'vote_average': 7.4, 'vote_count': 14106}"
A Quiet Place 2,08-01,False,"{'adult': False, 'backdrop_path': '/roYyPiQDQKmIKUEhO912693tSja.jpg', 'genre_ids': [27, 18, 878], 'id': 447332, 'original_language': 'en', 'original_title': 'A Quiet Place', 'overview': 'A family is forced to live in silence while hiding from creatures that hunt by sound.', 'popularity': 148.837, 'poster_path': '/nAU74GmpUk7t5iklEp3bufwDq4n.jpg', 'release_date': '2018-04-03', 'title': 'A Quiet Place', 'video': False, 'vote_average': 7.4, 'vote_count': 14106}"
A Quiet Place: Day One,08-01,False,"{'adult': False, 'backdrop_path': '/6XjMwQTvnICBz6TguiDKkDVHvgS.jpg', 'genre_ids': [27, 878, 53], 'id': 762441, 'original_language': 'en', 'original_title': 'A Quiet Place: Day One', 'overview': 'As New York City is invaded by alien creatures who hunt by sound, a woman named Sam fights to survive with her cat.', 'popularity': 339.472, 'poster_path': '/hU42CRk14JuPEdqZG3AWmagiPAP.jpg', 'release_date': '2024-06-26', 'title': 'A Quiet Place: Day One', 'video': False, 'vote_average': 6.799, 'vote_count': 2095}"
Batman: Caped Crusader,08-09,False,"{'adult': False, 'backdrop_path': '/oBwzYKdcbT7K8CEkKDbTspPAJkG.jpg', 'genre_ids': [28, 16, 12, 80, 878], 'id': 411736, 'original_language': 'en', 'original_title': 'Batman: Return of the Caped Crusaders', 'overview': 'Adam West and Burt Ward returns to their iconic roles of Batman and Robin. The film sees the superheroes going up against classic villains like The Joker, The Riddler, The Penguin and Catwoman, both in Gotham City… and in space.', 'popularity': 25.043, 'poster_path': '/kXV5rVxxRYWHksELUi6dxzWG7Sj.jpg', 'release_date': '2016-10-08', 'title': 'Batman: Return of the Caped Crusaders', 'video': False, 'vote_average': 6.456, 'vote_count': 261}"
The Boys S4,08-11,False,
Despicable Me 4,08-12,False,"{'adult': False, 'backdrop_path': '/lgkPzcOSnTvjeMnuFzozRO5HHw1.jpg', 'genre_ids': [16, 10751, 35, 28], 'id': 519182, 'original_language': 'en', 'original_title': 'Despicable Me 4', 'overview': 'Gru and Lucy and their girls—Margo, Edith and Agnes—welcome a new member to the Gru family, Gru Jr., who is intent on tormenting his dad. Gru also faces a new nemesis in Maxime Le Mal and his femme fatale girlfriend Valentina, forcing the family to go on the run.', 'popularity': 1026.242, 'poster_path': '/wWba3TaojhK7NdycRhoQpsG0FaH.jpg', 'release_date': '2024-06-20', 'title': 'Despicable Me 4', 'video': False, 'vote_average': 7.104, 'vote_count': 2135}"
Le Comte De Monte Cristo,08-20,True,"{'adult': False, 'backdrop_path': '/llIXQAndg5kB6SWlp6ouUdO7Zxd.jpg', 'genre_ids': [28, 12, 18, 36, 10749, 53], 'id': 1084736, 'original_language': 'fr', 'original_title': 'Le Comte de Monte-Cristo', 'overview': 'Edmond Dantes becomes the target of a sinister plot and is arrested on his wedding day for a crime he did not commit. After 14 years in the island prison of Château d’If, he manages a daring escape. Now rich beyond his dreams, he assumes the identity of the Count of Monte-Cristo and exacts his revenge on the three men who betrayed him.', 'popularity': 1206.753, 'poster_path': '/zw4kV7npGtaqvUxvJE9IdqdFsNc.jpg', 'release_date': '2024-06-28', 'title': 'The Count of Monte-Cristo', 'video': False, 'vote_average': 8.284, 'vote_count': 796}"
Alien Romulus,08-22,True,"{'adult': False, 'backdrop_path': '/6vn6K9oX82i6E86ZiHVxqVEMQqP.jpg', 'genre_ids': [878, 27], 'id': 945961, 'original_language': 'en', 'original_title': 'Alien: Romulus', 'overview': 'While scavenging the deep ends of a derelict space station, a group of young space colonizers come face to face with the most terrifying life form in the universe.', 'popularity': 1562.503, 'poster_path': '/b33nnKl1GSFbao4l3fZDDqsMx0F.jpg', 'release_date': '2024-08-13', 'title': 'Alien: Romulus', 'video': False, 'vote_average': 7.266, 'vote_count': 2225}"
Demon Slayer,,False,"{'adult': False, 'backdrop_path': '/9mrSx9MVmNOOlvcPxDTdf1APzud.jpg', 'genre_ids': [16, 28, 14, 53], 'id': 1216221, 'original_language': 'ja', 'original_title': '「鬼滅の刃」絆の奇跡、そして柱稽古へ', 'overview': 'A recap of Kimetsu no Yaiba episodes 55–56, with new footage and special end credits. Tanjiro undergoes rigorous training with the Stone Hashira, Himejima, in his quest to become a Hashira. Meanwhile, Muzan continues to search for Nezuko and Ubuyashiki.', 'popularity': 179.469, 'poster_path': '/3daOEMQCOGU2n9EbUC0PICnUCek.jpg', 'release_date': '2024-02-02', 'title': 'Demon Slayer: Kimetsu no Yaiba -To the Hashira Training-', 'video': True, 'vote_average': 6.457, 'vote_count': 423}"
Demon Slayer: Kimetsu No Yaiba Season 1,08-23,False,
Demon Slayer: The Movie: Mugen Train,08-24,False,"{'adult': False, 'backdrop_path': '/qjGrUmKW78MCFG8PTLDBp67S27p.jpg', 'genre_ids': [16, 28, 14, 53], 'id': 635302, 'original_language': 'ja', 'original_title': '劇場版「鬼滅の刃」無限列車編', 'overview': ""Tanjiro Kamado, joined with Inosuke Hashibira, a boy raised by boars who wears a boar's head, and Zenitsu Agatsuma, a scared boy who reveals his true power when he sleeps, boards the Infinity Train on a new mission with the Fire Hashira, Kyojuro Rengoku, to defeat a demon who has been tormenting the people and killing the demon slayers who oppose it!"", 'popularity': 96.509, 'poster_path': '/h8Rb9gBr48ODIwYUttZNYeMWeUU.jpg', 'release_date': '2020-10-16', 'title': 'Demon Slayer -Kimetsu no Yaiba- The Movie: Mugen Train', 'video': False, 'vote_average': 8.2, 'vote_count': 3927}"
Demon Slayer Season 2 - Entertainment District Arc,08-26,False,
Demon Slayer: Kimetsu No Yaiba Season 3 - Swordsmith Village Arc,08-28,False,
Demon Slayer: Kimetsu No Yaiba Season 4 - Hashira Training Arc,08-30,False,
Twisters,09-01,False,"{'adult': False, 'backdrop_path': '/7aPrv2HFssWcOtpig5G3HEVk3uS.jpg', 'genre_ids': [53, 28], 'id': 718821, 'original_language': 'en', 'original_title': 'Twisters', 'overview': 'As storm season intensifies, the paths of former storm chaser Kate Carter and reckless social-media superstar Tyler Owens collide when terrifying phenomena never seen before are unleashed. The pair and their competing teams find themselves squarely in the paths of multiple storm systems converging over central Oklahoma in the fight of their lives.', 'popularity': 316.419, 'poster_path': '/pjnD08FlMAIXsfOLKQbvmO0f0MD.jpg', 'release_date': '2024-07-10', 'title': 'Twisters', 'video': False, 'vote_average': 6.955, 'vote_count': 1732}"
Bad Boys: Ride Or Die,09-07,False,"{'adult': False, 'backdrop_path': '/tncbMvfV0V07UZozXdBEq4Wu9HH.jpg', 'genre_ids': [28, 35], 'id': 573435, 'original_language': 'en', 'original_title': 'Bad Boys: Ride or Die', 'overview': 'After their late former Captain is framed, Lowrey and Burnett try to clear his name, only to end up on the run themselves.', 'popularity': 529.894, 'poster_path': '/oGythE98MYleE6mZlGs5oBGkux1.jpg', 'release_date': '2024-06-05', 'title': 'Bad Boys: Ride or Die', 'video': False, 'vote_average': 7.5, 'vote_count': 2315}"
Inside Out 2,09-09,False,"{'adult': False, 'backdrop_path': '/p5ozvmdgsmbWe0H8Xk7Rc8SCwAB.jpg', 'genre_ids': [16, 10751, 12, 35, 18], 'id': 1022789, 'original_language': 'en', 'original_title': 'Inside Out 2', 'overview': ""Teenager Riley's mind headquarters is undergoing a sudden demolition to make room for something entirely unexpected: new Emotions! Joy, Sadness, Anger, Fear and Disgust, who’ve long been running a successful operation by all accounts, aren’t sure how to feel when Anxiety shows up. And it looks like she’s not alone."", 'popularity': 811.612, 'poster_path': '/vpnVM9B6NMmQpWeZvzLvDESb2QY.jpg', 'release_date': '2024-06-11', 'title': 'Inside Out 2', 'video': False, 'vote_average': 7.6, 'vote_count': 4678}"
Fallout,09-10,False,"{'adult': False, 'backdrop_path': None, 'genre_ids': [53, 18, 80], 'id': 392499, 'original_language': 'en', 'original_title': 'Fallout', 'overview': 'A London policeman returns to the estate where he grew up to investigate the murder of a young boy. Adapted by the playwright from his 2002 play.', 'popularity': 4.283, 'poster_path': '/9dadzzo5r0q2hVnc5rXglR3jlE2.jpg', 'release_date': '2008-07-03', 'title': 'Fallout', 'video': False, 'vote_average': 4.5, 'vote_count': 1}"
The Bikeriders,09-11,False,"{'adult': False, 'backdrop_path': '/kwGvFyRtGSSm8AFfnRNXoZTQmJj.jpg', 'genre_ids': [80, 18], 'id': 1008409, 'original_language': 'en', 'original_title': 'The Bikeriders', 'overview': 'After a chance encounter, headstrong Kathy is drawn to Benny, member of Midwestern motorcycle club the Vandals. As the club transforms into a dangerous underworld of violence, Benny must choose between Kathy and his loyalty to the club.', 'popularity': 52.269, 'poster_path': '/qTb6sSRt8Pw96JTan8ezU2xO0FU.jpg', 'release_date': '2024-06-19', 'title': 'The Bikeriders', 'video': False, 'vote_average': 6.797, 'vote_count': 640}"
3 Body Problem,09-13,False,"{'adult': False, 'backdrop_path': '/wIzgq6b7RRrsDO4WZpxbwBX5Zsk.jpg', 'genre_ids': [18], 'id': 616307, 'original_language': 'es', 'original_title': 'La Paloma y el Lobo', 'overview': 'Displaced by the violence that swept their town, Paloma and Lobo survive trying to love each other. Through thirst, fear and nostalgia, Paloma wishes to go back home but Lobo lives tied to a memory that stops him from returning.', 'popularity': 4.043, 'poster_path': '/fweF5bVlzwpXVEBMQj2NmEF4D4J.jpg', 'release_date': '2019-08-12', 'title': 'The Dove and the Wolf', 'video': False, 'vote_average': 5.5, 'vote_count': 11}"
Terminator Zero,09-14,False,
Transformers One,09-23,True,"{'adult': False, 'backdrop_path': '/zViRwl3ySscZnbXZJ2Q9wq3SeUG.jpg', 'genre_ids': [16, 878, 12, 10751], 'id': 698687, 'original_language': 'en', 'original_title': 'Transformers One', 'overview': 'The untold origin story of Optimus Prime and Megatron, better known as sworn enemies, but once were friends bonded like brothers who changed the fate of Cybertron forever.', 'popularity': 1858.319, 'poster_path': '/qrwI2T844nrBUv3eDwQZRDdgSFs.jpg', 'release_date': '2024-09-11', 'title': 'Transformers One', 'video': False, 'vote_average': 8.096, 'vote_count': 644}"
Rebel Ridge,10-04,False,"{'adult': False, 'backdrop_path': '/cyKH7pDFlxIXluqRyNoHHEpxSDX.jpg', 'genre_ids': [80, 28, 53, 18], 'id': 646097, 'original_language': 'en', 'original_title': 'Rebel Ridge', 'overview': ""A former Marine confronts corruption in a small town when local law enforcement unjustly seizes the bag of cash he needs to post his cousin's bail."", 'popularity': 183.043, 'poster_path': '/xEt2GSz9z5rSVpIHMiGdtf0czyf.jpg', 'release_date': '2024-08-27', 'title': 'Rebel Ridge', 'video': False, 'vote_average': 7.0, 'vote_count': 941}"
Castlevania S1-4,10-10,False,
Castlevania: Nocturne S1,10-14,False,
Silo S1,10-17,False,
Rings Of Power S2,10-21,False,
Pax Massilia,10-25,False,
Tomb Raider: The Legend Of Lara Croft,10-28,False,
Hitler And The Nazis: Evil On Trial,10-30,False,
Bodies,11-04,False,"{'adult': False, 'backdrop_path': None, 'genre_ids': [18, 9648, 53], 'id': 300901, 'original_language': 'en', 'original_title': 'Bodies', 'overview': ""A young writer for a newspaper's website becomes curious, then intrigued and finally obsessed with the strange behavior of the woman in the adjacent apartment."", 'popularity': 1.742, 'poster_path': None, 'release_date': '2012-10-28', 'title': 'Bodies', 'video': False, 'vote_average': 0.0, 'vote_count': 0}"
Joker: Folie Ã  Deux,11-06,False,"{'adult': False, 'backdrop_path': '/uGmYqxh8flqkudioyFtD7IJSHxK.jpg', 'genre_ids': [18, 80, 53], 'id': 889737, 'original_language': 'en', 'original_title': 'Joker: Folie à Deux', 'overview': ""While struggling with his dual identity, Arthur Fleck not only stumbles upon true love, but also finds the music that's always been inside him."", 'popularity': 1159.375, 'poster_path': '/if8QiqCI7WAGImKcJCfzp6VTyKA.jpg', 'release_date': '2024-10-01', 'title': 'Joker: Folie à Deux', 'video': False, 'vote_average': 5.643, 'vote_count': 1504}"
